ts,open,high,low,close,volume
1783875000,0.0015181591295896667,0.0015181591295896667,0.0014268086071823592,0.0014268086071823592,34.97099864634544
1783875300,0.0014268086071823592,0.0014268086071823592,0.0011048464800213836,0.0011048464800213836,84.34956649433109
1783875600,0.0011048464800213836,0.0013745493440665967,0.001083826459380063,0.0013745493440665967,66.85059767405109
1783875900,0.0013745493440665967,0.0014840835259583975,0.0013745493440665967,0.0014840835259583975,28.145805321468224
1783876200,0.0014840835259583975,0.0014840835259583975,0.0009954626929675225,0.0011393255148718824,152.5527396123324
1783876800,0.0011393255148718824,0.0013584393542286919,0.0011393255148718824,0.0013584393542286919,55.385534162585024
1783877100,0.0013584393542286919,0.0014798519527154858,0.0013584393542286919,0.0014798519527154858,24.259291451009652
1783877400,0.0014798519527154858,0.0014798519527154858,0.0013991950927025492,0.0013991950927025492,2.7683877711296323
1783877700,0.0013991950927025492,0.0014389848542702463,0.0013680089515342988,0.0014389848542702463,30.710495918788965
1783878000,0.0014389848542702463,0.001498238050709754,0.0014389848542702463,0.001498238050709754,4.441501284978111
1783878300,0.001498238050709754,0.001498238050709754,0.0014167661236857408,0.0014167661236857408,4.953672059575287
1783878600,0.0014167661236857408,0.0015463201066331087,0.0014167661236857408,0.0015463201066331087,20.052743377380498
1783878900,0.0015463201066331087,0.001616296558255252,0.0015463201066331087,0.001616296558255252,15.023934160556374
1783879200,0.001616296558255252,0.0016475872236464196,0.001616296558255252,0.0016475872236464196,3.61055326560249
1783879500,0.0016475872236464196,0.0029523055605229034,0.0015666951833473695,0.0025408416736995313,431.85573458600584
1783879800,0.0025408416736995313,0.002738618609676162,0.002108297254407171,0.002108297254407171,351.3207475241439
1783880100,0.002108297254407171,0.002325758377424175,0.0020733007471480922,0.0020733007471480922,61.30151124714813
1783880400,0.0020733007471480922,0.0020733007471480922,0.0018383628963411257,0.0018383628963411257,40.115430619690414
1783881000,0.0018383628963411257,0.0021908221767355566,0.0018383628963411257,0.0021908221767355566,32.89192080714333
1783881300,0.0021908221767355566,0.0021908221767355566,0.001975324145919093,0.001975324145919093,18.778471528678374
1783881600,0.001975324145919093,0.001975324145919093,0.001910993500312336,0.001910993500312336,14.337711661592607
1783881900,0.001910993500312336,0.001910993500312336,0.001850269900342511,0.001850269900342511,1.7422679271832682
1783882500,0.001850269900342511,0.001857633126550494,0.0018200514381445719,0.0018200514381445719,15.152490092179516
1783882800,0.0018200514381445719,0.0018200514381445719,0.0014392822604586213,0.0014392822604586213,91.8914843362337
1783883100,0.0014392822604586213,0.0014392822604586213,0.0013721384772383374,0.0013721384772383374,25.15337589207207
1783883400,0.0013721384772383374,0.0013721384772383374,0.0006893140465803549,0.0008635787651366088,803.0581289826258
1783883700,0.0008635787651366088,0.0008788713027882616,0.0006265809293411508,0.0008788713027882616,374.8626956931815
1783884000,0.0008788713027882616,0.001055531447112902,0.0008788713027882616,0.001055531447112902,62.118869186188654
1783884300,0.001055531447112902,0.001055531447112902,0.0009619492611311588,0.0009619492611311588,17.383510664939887
1783884600,0.0009619492611311588,0.0009619492611311588,0.0008265219974206668,0.0008265219974206668,55.65650933145317
1783884900,0.0008265219974206668,0.0009832811846646492,0.0008149738627321426,0.0009832811846646492,41.002871650836624
1783885200,0.0009832811846646492,0.0009832811846646492,0.0008992208529061053,0.0008992208529061053,7.8762613376383035
1783885500,0.0008992208529061053,0.0008992208529061053,0.0008484253544977378,0.0008484253544977378,19.306221929541817
1783885800,0.0008484253544977378,0.0008484253544977378,0.0008337851173758491,0.0008348709652049991,3.746929092475006
1783886100,0.0008348709652049991,0.0008711267484140516,0.0008065915294031444,0.0008711267484140516,11.415790482446535
1783886400,0.0008711267484140516,0.0008711267484140516,0.0008328791295340169,0.0008328791295340169,3.7732608873022953
1783886700,0.0008328791295340169,0.0008328791295340169,0.0008207422406507573,0.0008207422406507573,2.688997635612659
1783887000,0.0008207422406507573,0.0008565951488480937,0.0008207422406507573,0.0008565951488480937,2.2631666750723527
1783887300,0.0008565951488480937,0.0008696246193239644,0.0008565951488480937,0.0008696246193239644,5.02374386314512
1783887900,0.0008696246193239644,0.0008696246193239644,0.0008165681617585077,0.0008165681617585077,9.569023817695198
1783888200,0.0008165681617585077,0.0008165681617585077,0.0006852849464670683,0.0006919145982733181,98.9284116271796
1783888500,0.0006919145982733181,0.0007012620485521544,0.0006919145982733181,0.0007012620485521544,8.795041078639048
1783888800,0.0007012620485521544,0.0007354988437294783,0.0007012620485521544,0.0007354988437294783,22.864164813551998
1783889100,0.0007354988437294783,0.0007354988437294783,0.000697331016933165,0.000697331016933165,9.5495445566245
1783889700,0.000697331016933165,0.0007302350967616491,0.000697331016933165,0.0007302350967616491,3.8712725882892944
1783890000,0.0007302350967616491,0.0007398971421662919,0.0007302350967616491,0.0007398971421662919,9.371049841309473
1783890600,0.0007398971421662919,0.0007707710242368397,0.0007398971421662919,0.0007707710242368397,16.30907225203389
1783890900,0.0007707710242368397,0.0008003804959175854,0.0007707710242368397,0.0008003804959175854,7.9591701493979
1783891200,0.0008003804959175854,0.0008065362873296207,0.0008003804959175854,0.0008065362873296207,2.7809701108859013
1783891500,0.0008065362873296207,0.0008304491770486514,0.0008065362873296207,0.0008304491770486514,9.783736855264653
1783891800,0.0008304491770486514,0.0009280690374180038,0.0008304491770486514,0.0009280690374180038,17.092658604317098
1783892100,0.0009280690374180038,0.0009605530712776925,0.0009280690374180038,0.0009605530712776925,11.13831366264935
1783892400,0.0009605530712776925,0.0009605530712776925,0.0008836156031899792,0.0008836156031899792,7.8160481617429785
1783893000,0.0008836156031899792,0.0008836156031899792,0.0008765773797378482,0.0008765773797378482,4.38288689868924
1783893300,0.0008765773797378482,0.0008765773797378482,0.0008370808170353593,0.0008370808170353593,10.331971252790627
1783894500,0.0008370808170353593,0.0008370808170353593,0.0008009708972964682,0.0008009722057257815,6.2848409550091455
1783894800,0.0008009722057257815,0.0008009722057257815,0.0007335260553660204,0.0007550139238689465,17.09140424159259
1783895100,0.0007550139238689465,0.0007550139238689465,0.0007243075931560205,0.000732368521521426,6.411641729085917
1783895700,0.000732368521521426,0.000732368521521426,0.0006971510960100069,0.0006971510960100069,18.36891583953945
1783896000,0.0006971510960100069,0.0006971510960100069,0.0006721306331485278,0.0006721306331485278,20.16393499586982
1783896300,0.0006721306331485278,0.0006721306331485278,0.0006471454594603407,0.0006471454594603407,15.796853967482294
1783897500,0.0006471454594603407,0.0006471454594603407,0.0005936029734128007,0.0005936029734128007,49.02418683679748
1783897800,0.0005936029734128007,0.0005936029734128007,0.0005803977269948675,0.0005803977269948675,29.019886349743377
1783898100,0.0005803977269948675,0.0006392596342231688,0.0005803977269948675,0.0006392596342231688,50.37626440702199
1783898400,0.0006392596342231688,0.000781005834653293,0.0006392596342231688,0.000781005834653293,92.99595067046921
1783898700,0.000781005834653293,0.000787633479107784,0.0007279765962666926,0.0007522403459048618,26.176889308339412
1783899000,0.0007522403459048618,0.0007788504195973372,0.0007522403459048618,0.0007788504195973372,18.917076171004904
1783899300,0.0007788504195973372,0.0007788504195973372,0.0006939491563267663,0.0006939491563267663,34.314843988712795
1783899600,0.0006939491563267663,0.000747521273522306,0.0006939491563267663,0.000747521273522306,21.532693736196748
1783899900,0.000747521273522306,0.0008151648105849923,0.000747521273522306,0.0008151648105849923,20.556028032019647
1783900200,0.0008151648105849923,0.0008424085692122409,0.0008151648105849923,0.0008424085692122409,5.013704344443005
1783900500,0.0008424085692122409,0.0008424085692122409,0.000803986327699261,0.000808804126737391,2.8150685222783065
1783900800,0.000808804126737391,0.000808804126737391,0.0007823221271670717,0.0007823221271670717,7.284720820802573
1783901700,0.0007823221271670717,0.0008559482063096219,0.0007823221271670717,0.0008559482063096219,9.42417370761239
1783902000,0.0008559482063096219,0.0008926131690478841,0.0008559482063096219,0.0008926131690478841,9.808472550244996
1783902300,0.0008926131690478841,0.0008926131690478841,0.0008315942356582101,0.0008315942356582101,7.276547971284834
1783902600,0.0008315942356582101,0.0008315942356582101,0.0007565175666616862,0.0007565175666616862,15.685787071810326
1783903200,0.0007565175666616862,0.0008057802522290503,0.0007565175666616862,0.0008057802522290503,7.407539737821208
1783904400,0.0008057802522290503,0.0008057802522290503,0.0007674957344206576,0.0007674957344206576,11.06081373976118
1783905300,0.0007674957344206576,0.0008299711420046509,0.0007674957344206576,0.0008299711420046509,16.93790853566317
1783907400,0.0008299711420046509,0.0008299711420046509,0.0007503997078927162,0.0007503997078927162,15.426815770339566
1783907700,0.0007503997078927162,0.0007503997078927162,0.0006148796816596771,0.0006890125457775078,108.95626954779095
1783908300,0.0006890125457775078,0.0007083002316314201,0.0006875211793705316,0.0007083002316314201,21.630559706673104
1783909500,0.0007083002316314201,0.000715174936758834,0.0007083002316314201,0.000715174936758834,2.4255874034777785
1783909800,0.000715174936758834,0.0007255190657415607,0.000715174936758834,0.0007255190657415607,9.931185768788978
1783910100,0.0007255190657415607,0.0007370985048322359,0.0007255190657415607,0.0007370985048322359,2.7597239693314837
1783910400,0.0007370985048322359,0.00075943984640263,0.0007370985048322359,0.00075943984640263,10.871646834759693
1783910700,0.00075943984640263,0.0007654718142787411,0.00075943984640263,0.0007654718142787411,2.515003626173744
1783911000,0.0007654718142787411,0.0007654718142787411,0.0007322119296249769,0.0007322119296249769,4.559952301409692
1783911300,0.0007322119296249769,0.0007322119296249769,0.000721127151174061,0.000721127151174061,5.4084544609383
1783912200,0.000721127151174061,0.000721127151174061,0.0007063226862403732,0.0007063226862403732,3.439297056110249
1783913100,0.0007063226862403732,0.0007063226862403732,0.0006785096839712804,0.0006785096839712804,25.91534432726394
1783913400,0.0006785096839712804,0.0006903421356311413,0.0006785096839712804,0.0006903421356311413,0.7523592063972573
1783913700,0.0006903421356311413,0.0006903421356311413,0.0006253638234779342,0.0006253638234779342,31.871517848357378
1783914000,0.0006253638234779342,0.0006648583676294565,0.0006253638234779342,0.0006648583676294565,22.729029189400663
1783914600,0.0006648583676294565,0.0006648583676294565,0.0006353095142170894,0.0006353095142170894,21.80434937295729
1783914900,0.0006353095142170894,0.0006353095142170894,0.0006143963923393064,0.0006143963923393064,16.791339753431775
1783915800,0.0006143963923393064,0.0006496031757947688,0.0006143963923393064,0.0006496031757947688,30.3328968965909
1783917000,0.0006496031757947688,0.0006736636714452177,0.0006496031757947688,0.0006736636714452177,13.430235045590877
1783917900,0.0006736636714452177,0.0006736636714452177,0.0006539711214980956,0.0006539711214980956,2.288898925243335
1783918500,0.0006539711214980956,0.0006539711214980956,0.0006530509803047712,0.0006530509803047712,2.30732934759952
1783918800,0.0006530509803047712,0.0006530509803047712,0.0006458603253114474,0.0006458603253114474,5.181506261106006
1783919100,0.0006458603253114474,0.0006458603253114474,0.0006241875929748232,0.0006241875929748232,36.371549273354724
1783919400,0.0006241875929748232,0.0006241875929748232,0.0006056031865212932,0.0006056031865212932,5.196858304122041
1783921200,0.0006056031865212932,0.0006314209736082161,0.0006056031865212932,0.0006314209736082161,4.567053828997568
1783921800,0.0006314209736082161,0.0006407971306016284,0.0006314209736082161,0.0006407971306016284,12.574916666546056
1783922700,0.0006407971306016284,0.0006445064761352609,0.0006407971306016284,0.0006445064761352609,0.0018561586715687911
1783926600,0.0006445064761352609,0.0006445064761352609,0.0006013712369820113,0.0006013712369820113,3.281619149584498
1783929300,0.0006013712369820113,0.0006013712369820113,0.0005948495377858751,0.0005948495377858751,6.835151083195768
1783929900,0.0005948495377858751,0.0005948495377858751,0.000589698614515812,0.000589698614515812,7.023258754009294
1783931700,0.000589698614515812,0.0006133438034018627,0.000589698614515812,0.0006133438034018627,7.211444757222751
1783932600,0.0006133438034018627,0.0006221645663675342,0.0006133438034018627,0.0006221645663675342,6.930986462640411
1783932900,0.0006221645663675342,0.0006221645663675342,0.0006211363385900368,0.0006211363385900368,0.02351060856992695
1783933500,0.0006211363385900368,0.0006372584704212361,0.0006211363385900368,0.0006372584704212361,19.53248867110221
1783933800,0.0006372584704212361,0.000649969344599382,0.0006372584704212361,0.000649969344599382,11.48306640845187
1783935000,0.000649969344599382,0.000649969344599382,0.0006258012490044981,0.0006258012490044981,6.207058547057828
1783935300,0.0006258012490044981,0.0006258012490044981,0.0006205785442641369,0.0006205785442641369,5.0091196697930656
1783935600,0.0006205785442641369,0.0006205785442641369,0.0006034774657053545,0.0006034774657053545,29.34049654869658
1783941300,0.0006034774657053545,0.0006034774657053545,0.0005874454820316805,0.0005874454820316805,4.393020554064256
1783944600,0.0005874454820316805,0.000612036944951584,0.0005874454820316805,0.000612036944951584,10.264010832993083
1783944900,0.000612036944951584,0.0006186569935748302,0.000612036944951584,0.0006186569935748302,5.437613212665163
1783946100,0.0006186569935748302,0.0006203330876898362,0.0006186569935748302,0.0006203330876898362,5.366300589043348
1783946400,0.0006203330876898362,0.0006266674155386633,0.0006197715240466149,0.0006266674155386633,6.535971486050911
1783946700,0.0006266674155386633,0.0006399883542944054,0.0006202263596780741,0.0006202263596780741,24.198205441255805
1783948500,0.0006202263596780741,0.0006202263596780741,0.0006020092624556753,0.0006020092624556753,28.481982207316577
1783948800,0.0006020092624556753,0.0006020092624556753,0.0005751062458490488,0.0005751062458490488,28.040386911416025
1783949400,0.0005751062458490488,0.0005964612528282831,0.0005751062458490488,0.0005964612528282831,11.368240753610337
1783950300,0.0005964612528282831,0.0006046002906717489,0.0005964612528282831,0.0006046002906717489,12.665381738551767
1783950600,0.0006046002906717489,0.0006116594425396323,0.0006046002906717489,0.0006116594425396323,6.886489723491182
1783951800,0.0006116594425396323,0.0006116594425396323,0.0005876694508422962,0.0005876694508422962,6.7027235541639945
1783953900,0.0005876694508422962,0.0006411771098020463,0.0005876694508422962,0.0006411771098020463,1.055660859502103
1783954800,0.0006411771098020463,0.0007655125455207537,0.0006411771098020463,0.0007655125455207537,22.356739760523233
1783955100,0.0007655125455207537,0.0008001023334142321,0.0007655125455207537,0.0008001023334142321,13.428883321413588
1783955400,0.0008001023334142321,0.0008343586334475547,0.0008001023334142321,0.0008343586334475547,20.175368648408572
1783955700,0.0008343586334475547,0.0009639140309325367,0.0008343586334475547,0.0009638792482248966,53.78925853186895
1783956000,0.0009638792482248966,0.0010211279621418282,0.0009032570292835899,0.0009608823037776439,81.38468494911558
1783956300,0.0009608823037776439,0.0010139636462476083,0.0008931480108986242,0.0009023864329432471,62.812608461996874
1783956600,0.0009023864329432471,0.0009753332704567345,0.0009023864329432471,0.0009753332704567345,22.845130567799245
1783956900,0.0009753332704567345,0.0009763020915824795,0.0009349869627440301,0.0009763020915824795,20.113152669313205
1783957200,0.0009763020915824795,0.0009763020915824795,0.0008625855288491075,0.0008625855288491075,40.68904620178089
1783957500,0.0008625855288491075,0.0009291223139247322,0.0008625855288491075,0.0009291223139247322,19.080658013449717
1783957800,0.0009291223139247322,0.0009291223139247322,0.000866309491576534,0.0008808687085296292,18.572454758494114
1783958100,0.0008808687085296292,0.0008808687085296292,0.0007565028529126463,0.0007565028529126463,46.244244685385844
1783958400,0.0007565028529126463,0.0007565028529126463,0.0007400937031447563,0.0007400937031447563,9.600669799639652
1783958700,0.0007400937031447563,0.0007768806928258481,0.0007400937031447563,0.0007768806928258481,1.657925012898108
1783959000,0.0007768806928258481,0.0008947204645414708,0.0007768806928258481,0.0008947204645414708,47.02922483052234
1783959300,0.0008947204645414708,0.0009129350754754676,0.0008947204645414708,0.0009129350754754676,10.002322697051254
1783959600,0.0009129350754754676,0.0009184343116131118,0.0009062331419242353,0.0009062331419242353,3.613604260627019
1783959900,0.0009062331419242353,0.0009062331419242353,0.000818797512730399,0.000818797512730399,25.40735791368082
1783960200,0.000818797512730399,0.000818797512730399,0.0008093432786802858,0.0008094170307204553,3.5835445904196677
1783960800,0.0008094170307204553,0.0008094170307204553,0.0007960795199311401,0.0007960795199311401,10.534059828485812
1783961400,0.0007960795199311401,0.0008236584679516582,0.0007960795199311401,0.0008236584679516582,3.2137559722704063
1783962900,0.0008236584679516582,0.0008485240263825558,0.0008236584679516582,0.0008485240263825558,7.496512561206701
1783963200,0.0008485240263825558,0.0008842972058635852,0.0008485240263825558,0.0008842972058635852,14.139999161221608
1783963500,0.0008842972058635852,0.0008943645057456526,0.0008842972058635852,0.0008943645057456526,6.728730017965408
1783963800,0.0008943645057456526,0.0009107556030486033,0.0008943645057456526,0.0009107556030486033,14.604060812556316
1783964100,0.0009107556030486033,0.0009406512247109328,0.0009107556030486033,0.0009406512247109328,17.670130969941557
1783964400,0.0009406512247109328,0.0009587273340400026,0.0009406512247109328,0.0009587273340400026,2.715313240163852
1783965000,0.0009587273340400026,0.0009587273340400026,0.0008921725577609125,0.0008921725577609125,24.48223388349165
1783966200,0.0008921725577609125,0.0008921725577609125,0.0008317396610169462,0.0008317396610169462,25.540892842054788
1783967100,0.0008317396610169462,0.0008317396610169462,0.0008179147137479187,0.0008179147137479187,2.126578255744589
1783967400,0.0008179147137479187,0.0008179147137479187,0.0008169666043754887,0.0008169666043754887,2.222174734956046
1783969500,0.0008169666043754887,0.0008169666043754887,0.0008066596049868132,0.0008066596049868132,4.601902880459103
1783970400,0.0008066596049868132,0.0008446188832034439,0.0008066596049868132,0.0008446188832034439,8.928307336463961
1783971000,0.0008446188832034439,0.0008446188832034439,0.0008032771917328877,0.0008032771917328877,16.128300988243403
1783972200,0.0008032771917328877,0.0008262967825788555,0.0008032771917328877,0.0008262967825788555,4.72319562061193
1783975200,0.0008262967825788555,0.0008262967825788555,0.0007883965093103683,0.0007883965093103683,7.095568583793315
1783976700,0.0007883965093103683,0.0007883965093103683,0.0007743823495405737,0.0007743823495405737,3.8719117477028684
1783977000,0.0007743823495405737,0.0007743823495405737,0.0007553641931035876,0.0007553641931035876,7.494119836575449
1783977600,0.0007553641931035876,0.0007553641931035876,0.0007166224885283423,0.0007166224885283423,13.9714129134965
1783978500,0.0007166224885283423,0.0007166224885283423,0.0006826494790482218,0.0006826494790482218,8.187001281110751
1783978800,0.0006826494790482218,0.0006826494790482218,0.0006732676600516782,0.0006732676600516782,3.494357122845424
1783980600,0.0006732676600516782,0.0007105066211882678,0.0006732676600516782,0.0007105066211882678,3.649433477624797
1783982700,0.0007105066211882678,0.0007468201963829551,0.0007105066211882678,0.0007468201963829551,13.737945884194255
1783983000,0.0007468201963829551,0.0007788566969878351,0.0007468201963829551,0.0007788566969878351,8.604199397601315
1783983900,0.0007788566969878351,0.000803328669640505,0.0007788566969878351,0.000803328669640505,9.711459463496873
1783984500,0.000803328669640505,0.0008200107591338062,0.000803328669640505,0.0008200107591338062,6.888029720528119
1783986600,0.0008200107591338062,0.0008334634130982849,0.0008200107591338062,0.0008334634130982849,3.835608424440728
1783989600,0.0008334634130982849,0.0009192858570387248,0.0008334634130982849,0.0009192858570387248,38.63202623415347
1783989900,0.0009192858570387248,0.0009192858570387248,0.0008507893306054361,0.0008507893306054361,17.7560741456255
1783990800,0.0008507893306054361,0.0008507893306054361,0.0008473269859483365,0.0008473269859483365,4.322575553115201
1783991400,0.0008473269859483365,0.0008947644180379318,0.0008473269859483365,0.0008947644180379318,15.647891718190184
1783991700,0.0008947644180379318,0.0009097576574428299,0.0008947644180379318,0.0009097576574428299,2.2346140375191195
1783994700,0.0009097576574428299,0.0009097576574428299,0.0008690741778926149,0.0008690741778926149,6.429797525178359
1783995000,0.0008690741778926149,0.0008690741778926149,0.0008271626843316086,0.0008271626843316086,19.01825441322942
1783995600,0.0008271626843316086,0.0008272436594291544,0.0008098382514944997,0.0008098382514944997,11.495076777332827
1783995900,0.0008098382514944997,0.0008098382514944997,0.0007873887183415566,0.0007873887183415566,7.558931696078943
1783997700,0.0007873887183415566,0.0008546839403630556,0.0007873887183415566,0.0008546839403630556,19.249480806139765
1783998000,0.0008546839403630556,0.0008712951774939991,0.0008546839403630556,0.0008712951774939991,9.929328911452124
1783998600,0.0008712951774939991,0.0008760217010950528,0.0008712951774939991,0.0008760217010950528,2.3938147918281065
1783999200,0.0008760217010950528,0.0008823249118447799,0.0008760217010950528,0.0008823249118447799,4.592695304102432
1783999500,0.0008823249118447799,0.0009076632241763748,0.0008823249118447799,0.0009076632241763748,18.810600946213405
1783999800,0.0009076632241763748,0.0009739706778405527,0.0009076632241763748,0.0009739706778405527,36.6819929747931
1784000400,0.0009739706778405527,0.0009739706778405527,0.0008863238068661976,0.0009093861226057942,76.74000820763989
1784000700,0.0009093861226057942,0.000948221415813694,0.0009093861226057942,0.000948221415813694,30.950502536149447
1784001000,0.000948221415813694,0.0010311716635180636,0.0009065966562546814,0.0010311716635180636,56.31574040779696
1784001300,0.0010311716635180636,0.0010600476272830898,0.0010311716635180636,0.0010600476272830898,8.435494138925042
1784001600,0.0010600476272830898,0.0010894595770173398,0.0010600476272830898,0.0010894595770173398,13.289365590102113
1784003400,0.0010894595770173398,0.001089744480107797,0.0010894595770173398,0.001089744480107797,13.545879610851069
1784003700,0.001089744480107797,0.0011216693614072802,0.0010668495044056682,0.0010668495044056682,30.06192610010612
1784004600,0.0010668495044056682,0.0010668495044056682,0.001026701012233735,0.001026701012233735,26.781642144253304
1784005200,0.001026701012233735,0.001026701012233735,0.0010104672515586894,0.0010104672515586894,3.4057190917733813
1784006400,0.0010104672515586894,0.0010104672515586894,0.0010021502244488246,0.0010021502594173312,6.144977238228838
1784007300,0.0010021502594173312,0.0010021502594173312,0.0009780749226698865,0.0009780749226698865,23.468977354604302
1784007600,0.0009780749226698865,0.0009780749226698865,0.0009465698152636129,0.0009465698152636129,11.358837783163354
1784010600,0.0009465698152636129,0.0009465698152636129,0.0008392830193044094,0.0008881756378508574,52.24521129185847
1784010900,0.0008881756378508574,0.0009030379876061916,0.0008881756378508574,0.0009030379876061916,13.320375547623906
1784011200,0.0009030379876061916,0.0009137618544799484,0.0009030379876061916,0.0009137618544799484,9.44145219783573
1784015400,0.0009137618544799484,0.0009228763553487255,0.0009137618544799484,0.0009228763553487255,4.9641658277818514
1784020800,0.0009228763553487255,0.0009228763553487255,0.0008966314766451863,0.0008966314766451863,0.12277794125761723
1784022600,0.0008966314766451863,0.0008966314766451863,0.0008862481988105206,0.0008862481988105206,1.692608581577343
1784022900,0.0008862481988105206,0.0009391096767710163,0.0008862481988105206,0.0009391096767710163,14.996749137510712
1784026800,0.0009391096767710163,0.0009391096767710163,0.0009053839045665389,0.0009053839045665389,14.483929200543804
1784031600,0.0009053839045665389,0.0009968888374080837,0.0009053839045665389,0.0009968888374080837,71.09448677644151
1784032200,0.0009968888374080837,0.0011369086216287212,0.0009968888374080837,0.0011369086216287212,77.16926056216039
1784032800,0.0011369086216287212,0.001236281039680093,0.0011369086216287212,0.001236281039680093,31.825170269446787
1784033700,0.001236281039680093,0.001236281039680093,0.001168209884280407,0.001168209884280407,16.461503044923944
1784034600,0.001168209884280407,0.001168209884280407,0.001148553272593928,0.001148553272593928,20.1801989340739
1784034900,0.001148553272593928,0.001148553272593928,0.0011201652810827244,0.0011201652810827244,17.09035465155755
1784035500,0.0011201652810827244,0.0011201652810827244,0.0010782527614316313,0.0010782527614316313,28.772598766503297
1784036100,0.0010782527614316313,0.0012058809264584235,0.0010782527614316313,0.0012058809264584235,46.931646273898046
1784036700,0.0012058809264584235,0.0012094659483226657,0.0012058809264584235,0.0012094659483226657,9.272825870487504
1784037000,0.0012094659483226657,0.0012995523460827586,0.0012094659483226657,0.0012995523460827586,90.20628112030812
1784037300,0.0012995523460827586,0.0013916402326284918,0.0012995523460827586,0.0013916402326284918,22.222654620041105
1784037900,0.0013916402326284918,0.0014471010216123889,0.0013916402326284918,0.0014471010216123889,63.98698045790897
1784038800,0.0014471010216123889,0.0014471010216123889,0.0013557865075452399,0.0013557865075452399,49.40805619638786
1784039100,0.0013557865075452399,0.0013557865075452399,0.0012814929538566544,0.0012814929538566544,44.21972409041069
1784039700,0.0012814929538566544,0.0012814929538566544,0.0012733452396942306,0.0012733452396942306,10.039619558465429
1784040000,0.0012733452396942306,0.0012733452396942306,0.0012525519999901282,0.0012525519999901282,17.151318562311314
1784040600,0.0012525519999901282,0.0012525519999901282,0.0012149341429523992,0.0012149341429523992,35.69212287873753
1784041200,0.0012149341429523992,0.0012149341429523992,0.001191974609251193,0.0011935323457934657,5.922909161174676
1784041500,0.0011935323457934657,0.0011935323457934657,0.001182692350591895,0.001182692350591895,9.743019584176032
1784041800,0.001182692350591895,0.001182692350591895,0.0011706704536905105,0.0011706704536905105,6.056360202065397
1784042100,0.0011706704536905105,0.0012186353161254188,0.0011706704536905105,0.0012186353161254188,1.2248512031892032
1784042400,0.0012186353161254188,0.0012514247205602273,0.0012186353161254188,0.0012514247205602273,39.608630896224994
1784042700,0.0012514247205602273,0.0013120194080538114,0.0012514247205602273,0.0013120194080538114,39.306959843050514
1784043000,0.0013120194080538114,0.001397249376571071,0.0013120194080538114,0.001397249376571071,28.775540441569323
1784043300,0.001397249376571071,0.001436648669053615,0.001397249376571071,0.001436648669053615,19.78795498964392
1784043600,0.001436648669053615,0.001436648669053615,0.0012901270512299472,0.0012901270512299472,58.15494827857142
1784043900,0.0012901270512299472,0.0013864691123713173,0.0012901270512299472,0.0013864691123713173,30.357167841562163
1784044200,0.0013864691123713173,0.0014102216224609104,0.0013864691123713173,0.0014102216224609104,3.8441000790551065
1784044800,0.0014102216224609104,0.0014102216224609104,0.001339347955959272,0.001339347955959272,39.83860722177957
1784045100,0.001339347955959272,0.0014124427387913628,0.001307209996911336,0.0014124427387913628,86.13475036341076
1784045400,0.0014124427387913628,0.0014124427387913628,0.0013664490024175413,0.0013664490024175413,6.832245012087706
1784045700,0.0013664490024175413,0.0013664490024175413,0.0013520564382426149,0.0013520564382426149,15.24817138087145
1784046000,0.0013520564382426149,0.0013520564382426149,0.001236444904616338,0.001236444904616338,82.96655341690773
1784046300,0.001236444904616338,0.0013211662216992695,0.001236444904616338,0.0013211662216992695,22.91093412209564
1784046900,0.0013211662216992695,0.0013211662216992695,0.0012525306115374714,0.0012525306115374714,16.193998719324483
1784047500,0.0012525306115374714,0.0012525306115374714,0.0012424474492134993,0.0012424474492134993,1.9328137806492962
1784047800,0.0012424474492134993,0.0012424474492134993,0.0012257676459261437,0.0012257676459261437,14.754997313105775
1784048100,0.0012257676459261437,0.0012257676459261437,0.0011111833949513546,0.0011111833949513546,7.237766327782912
1784048700,0.0011111833949513546,0.0011111833949513546,0.0010976358903963773,0.0010976358903963773,18.659810136738415
1784049000,0.0010976358903963773,0.0010976358903963773,0.0010693378878950104,0.0010693378878950104,14.619806821037256
1784049300,0.0010693378878950104,0.001112956479787913,0.0010663796577254673,0.001112956479787913,8.639564806840546
1784049900,0.001112956479787913,0.0011246698055325016,0.001112956479787913,0.0011246698055325016,1.5297193975650334
1784050800,0.0011246698055325016,0.0011246698055325016,0.0010499559425492422,0.0010499559425492422,35.11207218068822
1784051100,0.0010499559425492422,0.0010499559425492422,0.0010363182729666738,0.0010363182729666738,4.905669473259257
1784051400,0.0010363182729666738,0.0010363182729666738,0.0008961889242559275,0.0008961889672895698,72.80768707301424
1784052000,0.0008961889672895698,0.0009943638279615256,0.0008961889672895698,0.0009943638279615256,33.307775170499816
1784052600,0.0009943638279615256,0.0010824615301654468,0.0009943638279615256,0.0010824615301654468,35.651715964624486
1784052900,0.0010824615301654468,0.001138932774735794,0.0010824615301654468,0.001138932774735794,28.3288478017085
1784053200,0.001138932774735794,0.0012552993676845233,0.001138932774735794,0.0012552993676845233,73.79597389798924
1784053500,0.0012552993676845233,0.0012552993676845233,0.0011455699591548054,0.0011455699591548054,35.264746577340574
1784053800,0.0011455699591548054,0.0011455699591548054,0.0011233517979870279,0.001123351853082208,14.441228434566842
1784054100,0.001123351853082208,0.001123351853082208,0.0011038925692315594,0.0011038925692315594,20.072589571584388
1784054700,0.0011038925692315594,0.0011038925692315594,0.0010913923011522735,0.0010913923011522735,1.2195612875366981
1784055300,0.0010913923011522735,0.0010913923011522735,0.0010586321268470106,0.0010586321268470106,20.43750641326938
1784055600,0.0010586321268470106,0.0010586321268470106,0.0010507298642549825,0.0010507298657405839,6.555217205564166
1784056500,0.0010507298657405839,0.001155669844043537,0.0010507298657405839,0.001155669844043537,37.61283998450827
1784056800,0.001155669844043537,0.0011567859424458562,0.001155669844043537,0.0011567859424458562,3.9552246273508866
1784057700,0.0011567859424458562,0.0011793266025254081,0.0011567859424458562,0.0011793266025254081,29.659423806536115
1784058000,0.0011793266025254081,0.001208743764879385,0.0011793266025254081,0.001208743764879385,9.04500245822635
1784058900,0.001208743764879385,0.001227907292848059,0.001208743764879385,0.001227907292848059,17.816890808572143
1784060100,0.001227907292848059,0.001227907292848059,0.0011666483608022873,0.0011666483608022873,17.388465792934554
1784060400,0.0011666483608022873,0.0011666483608022873,0.0011364175945175804,0.0011364175945175804,22.703688745519994
1784061900,0.0011364175945175804,0.0011364175945175804,0.0011103046822237383,0.0011103046822237383,14.218632424916473
1784066400,0.0011103046822237383,0.0011140643498986412,0.0011103046822237383,0.0011140643498986412,0.3325482084447444
1784067900,0.0011140643498986412,0.0011140643498986412,0.001098332954619133,0.001098332954619133,17.382807258825654
1784071500,0.001098332954619133,0.001098332954619133,0.0010698123225500384,0.0010698123225500384,18.087598038426467
1784073900,0.0010698123225500384,0.0010698123225500384,0.0010529961888337016,0.0010529961888337016,9.476966790407365
1784074200,0.0010529961888337016,0.001089942022824723,0.0010529961888337016,0.001089942022824723,4.244489549258666
1784074500,0.001089942022824723,0.00114382966574861,0.001089942022824723,0.001098323714384673,44.027978362182374
1784074800,0.001098323714384673,0.001098323714384673,0.0010696378569136854,0.0010696378569136854,28.937290698530752
1784075100,0.0010696378569136854,0.0010696378569136854,0.0010278603624043422,0.0010278603624043422,21.428406991829725
1784075700,0.0010278603624043422,0.001053546938995552,0.0010278603624043422,0.001053546938995552,3.9658003405580318
1784076900,0.001053546938995552,0.001053546938995552,0.0009487572352141083,0.0009487572352141083,74.66702731907233
1784078100,0.0009487572352141083,0.0009487572352141083,0.0009174825608568549,0.0009174825608568549,0.25235568765608535
1784078400,0.0009174825608568549,0.000976685902215581,0.0009174825608568549,0.000976685902215581,31.020301016186373
1784079300,0.000976685902215581,0.000976685902215581,0.0009417064558842116,0.0009417064558842116,1.77982520162116
1784082300,0.0009417064558842116,0.0009417064558842116,0.0009204198810560894,0.0009204198810560894,14.952876240441254
1784088600,0.0009204198810560894,0.0009204198810560894,0.0009043152621629555,0.0009043152621629555,10.309193988657691
1784089800,0.0009043152621629555,0.0009043152621629555,0.0008869165898310931,0.0008869165898310931,4.434582949155465
1784092500,0.0008869165898310931,0.0008869165898310931,0.0008764257428614457,0.0008764257428614457,9.59948057258559
1784095500,0.0008764257428614457,0.0008764257428614457,0.0008703421808889396,0.0008703421808889396,2.8721291969335008
1784104500,0.0008703421808889396,0.0008703421808889396,0.0008106950783343326,0.0008106950783343326,22.28613946276333
1784106600,0.0008106950783343326,0.0008624700704650604,0.0008106950783343326,0.0008624700704650604,15.12415067364509
1784108100,0.0008624700704650604,0.0008831192464598514,0.0008624700704650604,0.0008831192464598514,4.1797360044310174
1784109000,0.0008831192464598514,0.0008980911970003408,0.0008831192464598514,0.0008980911970003408,12.776698506726932
1784117100,0.0008980911970003408,0.0008980911970003408,0.0008597308231502644,0.0008597308231502644,9.016362008040993
1784117400,0.0008597308231502644,0.0008597308231502644,0.0008010375114299397,0.0008010375114299397,43.70668882770812
1784120100,0.0008010375114299397,0.0008144549972295186,0.0008010375114299397,0.0008144549972295186,15.247483177541572
1784120400,0.0008144549972295186,0.000880134547323265,0.0008144549972295186,0.000880134547323265,26.82317868252862
1784120700,0.000880134547323265,0.00091627598393914,0.000880134547323265,0.00091627598393914,7.9365451424990265
1784121000,0.00091627598393914,0.0009292235705317582,0.00091627598393914,0.0009292235705317582,8.245513721058849
1784121300,0.0009292235705317582,0.0009292235705317582,0.0008842315402726528,0.0008842315402726528,7.606750923433585
1784124600,0.0008842315402726528,0.0008842315402726528,0.0008716894175425158,0.0008716894175425158,0.4600363669608213
1784124900,0.0008716894175425158,0.0008716894175425158,0.0008224200402369036,0.0008224200402369036,24.844067045272276
1784125500,0.0008224200402369036,0.0008224200402369036,0.0008189144359435132,0.0008194756111474342,2.0077904450023776
1784125800,0.0008194756111474342,0.0008194756111474342,0.0008107274709962931,0.0008107274709962931,2.6620236510163284
1784126100,0.0008107274709962931,0.0008107274709962931,0.0008103030381658835,0.0008103030381658835,0.7614730718326632
1784126700,0.0008103030381658835,0.0008103030381658835,0.0008030942070650818,0.0008030942070650818,3.3091886237733266
1784128800,0.0008030942070650818,0.0008030942070650818,0.0007908041008787327,0.0007908041008787327,6.294800642994712
1784129100,0.0007908041008787327,0.0008112390527190002,0.0007908041008787327,0.0008112390527190002,0.04057004393426183
1784129700,0.0008112390527190002,0.0008337601821986796,0.0008112390527190002,0.0008337601821986796,13.21511467676564
1784130000,0.0008337601821986796,0.0009249491490292667,0.0008337601821986796,0.0009249491490292667,32.50248667787812
1784130300,0.0009249491490292667,0.0009409285322729755,0.0009249491490292667,0.0009409285322729755,4.9610374114169735
1784130600,0.0009409285322729755,0.0009472608273077658,0.0009409285322729755,0.0009472608273077658,4.428475586324966
1784130900,0.0009472608273077658,0.0009472608273077658,0.00094495877272774,0.00094495877272774,4.933541403491074
1784131200,0.00094495877272774,0.00094495877272774,0.0008717881413427865,0.0008717881413427865,18.24249594226476
1784131500,0.0008717881413427865,0.0008717881413427865,0.0008638311830171445,0.0008638311830171445,4.199947211829357
1784134500,0.0008638311830171445,0.0009139999194798295,0.0008638311830171445,0.0009139999194798295,18.23672048883922
1784134800,0.0009139999194798295,0.0009862447018211995,0.0009139999194798295,0.0009862447018211995,29.631772739956006
1784135100,0.0009862447018211995,0.0009862447018211995,0.0009453572789545406,0.0009453572789545406,12.272199734889735
1784135400,0.0009453572789545406,0.000998537348722104,0.0009453572789545406,0.000998537348722104,18.147245509013214
1784135700,0.000998537348722104,0.0010239055162759127,0.000998537348722104,0.0010239055162759127,7.723897332602501
1784136000,0.0010239055162759127,0.0010239055162759127,0.0009621347351278817,0.000962136691121801,14.398480696375914
1784136300,0.000962136691121801,0.000962136691121801,0.0009023556641968946,0.000919436341574231,30.645178268699485
1784137200,0.000919436341574231,0.0009499016790427518,0.000919436341574231,0.0009470853034547445,4.879015367155305
1784151000,0.0009470853034547445,0.0009470853034547445,0.0008986113043676802,0.0008986113043676802,10.418290061243848
1784153100,0.0008986113043676802,0.0008986113043676802,0.0008784457984797356,0.0008784457984797356,13.068090165980152
1784154000,0.0008784457984797356,0.0009122644147409544,0.0008784457984797356,0.0009122644147409544,9.710269517146072
1784157300,0.0009122644147409544,0.0009276246414601409,0.0009122644147409544,0.0009276246414601409,5.009456122978355
1784160000,0.0009276246414601409,0.0009382489797986923,0.0009276246414601409,0.0009382489797986923,9.334678120854011
1784160300,0.0009382489797986923,0.0009781684240368752,0.0009382489797986923,0.0009781684240368752,8.275110068044825
1784160600,0.0009781684240368752,0.0010112181441803017,0.0009781684240368752,0.0010112181441803017,23.223296535446842
1784162400,0.0010112181441803017,0.0010112181441803017,0.0009434451592098624,0.0009434451592098624,34.60362082060078
1784164500,0.0009434451592098624,0.0009434451592098624,0.0009080062813440364,0.0009080062813440364,12.466997445982184
1784165100,0.0009080062813440364,0.0009080062813440364,0.0008545270994943789,0.0008545270994943789,37.165119104113195
1784165400,0.0008545270994943789,0.0008545270994943789,0.000753491464709188,0.0008171534967105205,29.415990137919366
1784165700,0.0008171534967105205,0.0008366525282310857,0.0008171534967105205,0.0008366525282310857,4.159523784113064
1784166000,0.0008366525282310857,0.0008802635833055051,0.0008366525282310857,0.0008597725663919156,25.159045650594862
1784171700,0.0008597725663919156,0.0008597725663919156,0.0008333798703857291,0.0008333798703857291,9.627336169228448
1784172000,0.0008333798703857291,0.0008333798703857291,0.0006008286048388192,0.0006280178468428279,59.57547130845174
1784172300,0.0006280178468428279,0.0006938809392761736,0.0006280178468428279,0.0006938809392761736,9.921077296061627
1784173200,0.0006938809392761736,0.0006938809392761736,0.0006761838796681881,0.0006761838796681881,1.2277926599830642
1784173500,0.0006761838796681881,0.0007598710399723213,0.0006761838796681881,0.0007598710399723213,14.334237585815755
1784174100,0.0007598710399723213,0.0007873643793515278,0.0007598710399723213,0.0007873643793515278,15.56321366976026
1784174400,0.0007873643793515278,0.0008134903715700071,0.0007873643793515278,0.0008134903715700071,3.1118452178498366
1784175900,0.0008134903715700071,0.0008134903715700071,0.0007743532426975508,0.0007747230381932896,0.977144932135885
1784176500,0.0007747230381932896,0.0007747230381932896,0.0007591518915065013,0.0007591518915065013,7.743370003792742
1784184900,0.0007591518915065013,0.0007591518915065013,0.0007496914573713019,0.0007496914573713019,6.961668521551591
1784190000,0.0007496914573713019,0.0007496914573713019,0.0007190578696933684,0.0007190578696933684,4.164108461221599
1784192100,0.0007190578696933684,0.0007190578696933684,0.000707476667708931,0.000707476667708931,4.286779020411648
1784192700,0.000707476667708931,0.000707476667708931,0.0007014949302916177,0.0007014949302916177,0.7940810904848413
1784194800,0.0007014949302916177,0.0007014949302916177,0.0006944327539528883,0.0006944327539528883,1.8386851093761005
1784195400,0.0006944327539528883,0.0006944327539528883,0.0006809810741332737,0.0006809810741332737,4.687357213342082
1784197800,0.0006809810741332737,0.0006809810741332737,0.0006746335138200927,0.0006746335138200927,0.1736612514571237
1784198700,0.0006746335138200927,0.0006746335138200927,0.0006207931091375646,0.0006488417511379202,7.813236197167104
1784199600,0.0006488417511379202,0.0006488417511379202,0.0005957950157568596,0.0005957950157568596,1.1510914969100656
1784200800,0.0005957950157568596,0.0006238223692093408,0.0005957950157568596,0.0006238223692093408,0.11764998558241749
1784201400,0.0006238223692093408,0.000636801097061376,0.0006238223692093408,0.000636801097061376,1.0506292581166246
1784203200,0.000636801097061376,0.0006892297099585496,0.000636801097061376,0.0006892297099585496,9.062597706133692
1784205300,0.0006892297099585496,0.0006892297099585496,0.000657729313605739,0.000657729313605739,3.7256334859813562
1784205600,0.000657729313605739,0.000657729313605739,0.0006511988387105113,0.0006511988387105113,1.072777135574462
1784206500,0.0006511988387105113,0.0006511988387105113,0.0006130658844198929,0.0006130658844198929,4.477953459787073
1784206800,0.0006130658844198929,0.0006449543053876433,0.0006130658844198929,0.0006449543053876433,0.9831093369084779
1784207100,0.0006449543053876433,0.0006534662903752796,0.0006449543053876433,0.0006534662903752796,0.4962618500085302
1784208900,0.0006534662903752796,0.0006534662903752796,0.0006310003884925101,0.0006310003884925101,0.4156102174827072
1784209200,0.0006310003884925101,0.0006310003884925101,0.0006233704886875554,0.0006233704886875554,1.0272913921825448
1784210400,0.0006233704886875554,0.0006233704886875554,0.0006135254975504326,0.0006135254975504326,0.0930917569435455
1784211600,0.0006135254975504326,0.0006135254975504326,0.0006012615582525122,0.0006109201367553311,0.6161764713703216
1784213400,0.0006109201367553311,0.000637673013701426,0.0006109201367553311,0.000637673013701426,0.9895144758700393
1784221800,0.000637673013701426,0.000637673013701426,0.0006151715495528449,0.0006151715495528449,0.27314710759712885
1784223000,0.0006151715495528449,0.0006151715495528449,0.0006039024929588756,0.0006039024929588756,0.6882688325297245
1784223900,0.0006039024929588756,0.0006585866549667725,0.0006039024929588756,0.0006585866549667725,3.2848712118782775
1784224200,0.0006585866549667725,0.0006585866549667725,0.0006270464339578172,0.0006270464339578172,3.130952994236156
1784224800,0.0006270464339578172,0.0006436027325634216,0.0006270464339578172,0.0006436027325634216,0.7525770227048331
1784226000,0.0006436027325634216,0.0006525641929959696,0.0006436027325634216,0.0006525641929959696,0.7561318051226522
1784226300,0.0006525641929959696,0.0006780084155042259,0.0006525641929959696,0.0006780084155042259,3.2269936460144892
1784229900,0.0006780084155042259,0.0006780084155042259,0.0006259400485821318,0.0006259400485821318,4.638028644015216
1784230200,0.0006259400485821318,0.0006259400485821318,0.000617295101434798,0.000617295101434798,0.6331789204588394
1784232900,0.000617295101434798,0.0006859628573004124,0.000617295101434798,0.0006859628573004124,6.587188954376631
1784233200,0.0006859628573004124,0.0006930184383641097,0.0006859628573004124,0.0006930184383641097,1.3603530097833856
1784233500,0.0006930184383641097,0.0007010092304259734,0.0006930184383641097,0.0007010092304259734,0.939714437443601
1784234700,0.0007010092304259734,0.0007010092304259734,0.0006989433787851917,0.0006989433787851917,0.6685882881139089
1784235300,0.0006989433787851917,0.0007128431992100143,0.0006989433787851917,0.0007128431992100143,0.5040735093308694
1784238900,0.0007128431992100143,0.0007773994120806495,0.0007128431992100143,0.0007773994120806495,18.32279863457211
1784240700,0.0007773994120806495,0.0007773994120806495,0.0007386125408717081,0.0007386125408717081,3.7350263413999945
1784244000,0.0007386125408717081,0.0007619410703231314,0.0007386125408717081,0.0007619410703231314,2.3220757141118713
1784244900,0.0007619410703231314,0.0008126765108030133,0.0007619410703231314,0.0008126765108030133,19.92677245265031
1784246400,0.0008126765108030133,0.0008264513216512119,0.0008126765108030133,0.0008264513216512119,6.920245263060303
1784246700,0.0008264513216512119,0.0008307552700986842,0.0008264513216512119,0.0008307552700986842,0.17380978768553187
1784247300,0.0008307552700986842,0.0008307552700986842,0.0007930372407492677,0.0007930372407492677,7.930372407492676
1784248200,0.0007930372407492677,0.0007930372407492677,0.0007582926475408836,0.0007873333117070526,28.048661504537666
1784249400,0.0007873333117070526,0.000807984687216059,0.0007873333117070526,0.000807984687216059,3.101692460821021
1784253600,0.000807984687216059,0.000807984687216059,0.0007259637733223704,0.0007259637733223704,19.7271656995906
1784253900,0.0007259637733223704,0.0007259637733223704,0.0007142191767996794,0.0007142191767996794,4.488242855809572
1784259000,0.0007142191767996794,0.0007142191767996794,0.0007049804422289405,0.0007049804422289405,4.3872471659568815
1784259900,0.0007049804422289405,0.0007049804422289405,0.000666526388932916,0.000666526388932916,13.602561583516309
1784264100,0.000666526388932916,0.000666526388932916,0.0006627300715927579,0.0006627300715927579,0.496246953897992
1784264400,0.0006627300715927579,0.0006674211938066159,0.0006627300715927579,0.0006674211938066159,1.0814620976889595
1784266200,0.0006674211938066159,0.0007006263580836833,0.0006674211938066159,0.0007006263580836833,6.275471676435704
1784270100,0.0007006263580836833,0.0007006263580836833,0.0006751787413980918,0.0006751787413980918,4.289842658496572
1784272500,0.0006751787413980918,0.0006751787413980918,0.0006623319071435557,0.0006623319071435557,1.1889439346744446
1784273700,0.0006623319071435557,0.0006623319071435557,0.0006601923856883544,0.0006601923856883544,0.6552764921750839
1784276700,0.0006601923856883544,0.0006601923856883544,0.0006485235896838817,0.0006485235896838817,3.2007112970073357
1784285100,0.0006485235896838817,0.0006736875619016257,0.0006485235896838817,0.0006736875619016257,1.892094901732327
1784285700,0.0006736875619016257,0.0006830076300183294,0.0006736875619016257,0.0006830076300183294,1.3853924228209187
1784286900,0.0006830076300183294,0.0006830076300183294,0.0006442701463789684,0.0006442701463789684,3.932249057100015
1784292300,0.0006442701463789684,0.0006442701463789684,0.0006138057759671414,0.0006138057759671414,3.174695299249333
1784292600,0.0006138057759671414,0.0006138057759671414,0.0006087742568345757,0.0006087742568345757,0.5610378182573414
1784293500,0.0006087742568345757,0.0006087742568345757,0.0005977255886720562,0.0005977255886720562,0.4485079100814487
1784295000,0.0005977255886720562,0.000624534739234022,0.0005977255886720562,0.000624534739234022,0.7363342823526599
1784296500,0.000624534739234022,0.0006389521537867246,0.000624534739234022,0.0006389521537867246,1.4874413472108838
1784307000,0.0006389521537867246,0.0006510500173800755,0.0006389521537867246,0.0006510500173800755,0.2915532819349971
1784311800,0.0006510500173800755,0.0006606632634988106,0.0006510500173800755,0.0006606632634988106,1.0167826991876707
1784312100,0.0006606632634988106,0.0006700469822259985,0.0006606632634988106,0.0006700469822259985,2.211938946061476
1784312700,0.0006700469822259985,0.0006788928340571968,0.0006700469822259985,0.0006788928340571968,1.1278890797462107
1784313000,0.0006788928340571968,0.0007023395509000731,0.0006788928340571968,0.0007023395509000731,7.355285942582989
1784313300,0.0007023395509000731,0.0007939777147838021,0.0007023395509000731,0.0007939777147838021,23.266115844255168
1784313900,0.0007939777147838021,0.0008261863193477516,0.0007939777147838021,0.0008261863193477516,18.73719215809398
1784314200,0.0008261863193477516,0.0008261863193477516,0.0007906604333966999,0.0007906604333966999,5.929953250475249
1784314500,0.0007906604333966999,0.0007906604333966999,0.0007669134254554824,0.0007669134254554824,11.451051203002194
1784314800,0.0007669134254554824,0.0007669134254554824,0.0007085595907929733,0.0007270644343373165,30.810987534369175
1784316300,0.0007270644343373165,0.0007270644343373165,0.000719324632635706,0.000719324632635706,1.192836301470521
1784319300,0.000719324632635706,0.000749969342006539,0.000719324632635706,0.000749969342006539,11.36237203617177
1784321700,0.000749969342006539,0.000758119355346944,0.000749969342006539,0.000758119355346944,0.1585571561106755
1784322000,0.000758119355346944,0.0007681546590786478,0.000758119355346944,0.0007681546590786478,3.7277705113303456
1784322600,0.0007681546590786478,0.0007779522238903133,0.0007681546590786478,0.0007779522238903133,4.618919332669508
1784323800,0.0007779522238903133,0.0007779522238903133,0.0007485016969663321,0.0007485016969663321,2.8303384734146557
1784324700,0.0007485016969663321,0.0007485016969663321,0.000679942571909639,0.000712527628749368,20.412590213748096
1784325300,0.000712527628749368,0.000712527628749368,0.0006723462147395778,0.0006723462147395778,3.391953036050433
1784326500,0.0006723462147395778,0.0006723462147395778,0.000663374582433197,0.000663374582433197,0.9950618736497955
1784329200,0.000663374582433197,0.000663374582433197,0.0006437675644847098,0.0006437675644847098,6.841609436633052
1784330400,0.0006437675644847098,0.0006437675644847098,0.0006167301843466258,0.0006167301843466258,1.2504026086087412
1784334900,0.0006167301843466258,0.0006167301843466258,0.0005942377771942934,0.0005942377771942934,1.131542063890325
1784335500,0.0005942377771942934,0.0006483696903174662,0.0005942377771942934,0.0006483696903174662,2.4305334671877024
1784336100,0.0006483696903174662,0.000659782432531446,0.0006483696903174662,0.000659782432531446,2.468700686030932
1784336400,0.000659782432531446,0.0006757377001254814,0.000659782432531446,0.0006757377001254814,1.8588788455502905
1784339100,0.0006757377001254814,0.0006757377001254814,0.0006463008396882698,0.0006463008396882698,1.2885594926804809
1784341200,0.0006463008396882698,0.0006463008396882698,0.0006384731927367351,0.0006384731927367351,2.1577125167989917
1784343900,0.0006384731927367351,0.0006384731927367351,0.0006231015409037691,0.0006231015409037691,1.7155460171576757
1784345100,0.0006231015409037691,0.0006231015409037691,0.0006154494843332483,0.0006154494843332483,0.28905601200354586
1784357400,0.0006154494843332483,0.0006154494843332483,0.0006052851648391658,0.0006052851648391658,0.8365634460181396
1784363100,0.0006052851648391658,0.0006052851648391658,0.0005938346471279465,0.0005938346471279465,0.29662040624040925
1784366400,0.0005938346471279465,0.0005938346471279465,0.0005877398453949181,0.0005877398453949181,0.043623428649929664
1784376300,0.0005877398453949181,0.0006266978857632021,0.0005877398453949181,0.0006266978857632021,1.1620055913973006
1784378700,0.0006266978857632021,0.0006425275524975876,0.0006266978857632021,0.0006425275524975876,1.2701265054705417
1784382000,0.0006425275524975876,0.0006523681341373921,0.0006425275524975876,0.0006523681341373921,1.6234960154318965
1784384100,0.0006523681341373921,0.000656160007257498,0.0006523681341373921,0.000656160007257498,0.10752855189396614
1784388300,0.000656160007257498,0.0006754149888297336,0.000656160007257498,0.0006754149888297336,2.9757254552363466
1784391600,0.0006754149888297336,0.0006952866643702362,0.0006754149888297336,0.0006952866643702362,3.110786745728698
1784392800,0.0006952866643702362,0.0007171262850308572,0.0006952866643702362,0.0007171262850308572,6.9659287028641765
1784397300,0.0007171262850308572,0.0007382127912731376,0.0007171262850308572,0.0007382127912731376,3.8855371528468847
1784397600,0.0007382127912731376,0.0007450145083258105,0.0007382127912731376,0.0007450145083258105,1.3563001454061494
1784397900,0.0007450145083258105,0.0007450145083258105,0.0007152584342892394,0.0007152584342892394,2.2778248893659647
1784398200,0.0007152584342892394,0.0007152584342892394,0.0007011660083626816,0.0007011660083626816,4.223828876230602
1784398500,0.0007011660083626816,0.0007011660083626816,0.0006417263023275269,0.0006417263023275269,12.36373141327703
1784398800,0.0006417263023275269,0.0006836420905184999,0.0006417263023275269,0.0006836420905184999,2.857815680148099
1784399100,0.0006836420905184999,0.0006933222038687829,0.0006836420905184999,0.0006933222038687829,2.1949853540829367
1784400900,0.0006933222038687829,0.0006996035183857183,0.0006933222038687829,0.0006996035183857183,2.0235652633172183
1784405100,0.0006996035183857183,0.0007128433243020257,0.0006996035183857183,0.0007128433243020257,3.3967644781047155
1784407200,0.0007128433243020257,0.0007214299058292317,0.0007128433243020257,0.0007214299058292317,0.7454959807290228
1784412000,0.0007214299058292317,0.0007375460281345546,0.0007214299058292317,0.0007375460281345546,8.682055260382308
1784412900,0.0007375460281345546,0.0007543546732006728,0.0007375460281345546,0.0007543546732006728,1.4833046702412203
1784414400,0.0007543546732006728,0.0007543546732006728,0.0006964048451771947,0.0006964048451771947,17.23846218485703
1784416200,0.0006964048451771947,0.0006993795609540874,0.0006964048451771947,0.0006993795609540874,3.2796880815526688
1784416800,0.0006993795609540874,0.0007145581922147099,0.0006993795609540874,0.0007145581922147099,3.561114403526153
1784422500,0.0007145581922147099,0.0007145581922147099,0.0006897658065655372,0.0006897658065655372,1.372633955065419
1784422800,0.0006897658065655372,0.0006897658065655372,0.0006770308534281854,0.0006770308534281854,5.2294011767687225
1784423400,0.0006770308534281854,0.0006770308534281854,0.0006578675191997261,0.0006578675191997261,3.079568521386076
1784425200,0.0006578675191997261,0.0006867104770544634,0.0006578675191997261,0.0006867104770544634,2.585176584019951
1784433900,0.0006867104770544634,0.0006867104770544634,0.0006573828385943197,0.0006573828385943197,3.9910217093114793
1784441100,0.0006573828385943197,0.0006737251216473217,0.0006573828385943197,0.0006737251216473217,0.29768909793747866
1784443800,0.0006737251216473217,0.0006886524991167575,0.0006737251216473217,0.0006886524991167575,1.3589263780675866
1784453700,0.0006886524991167575,0.0006940042786517382,0.0006886524991167575,0.0006940042786517382,1.3176046089674323
